FrameNo,head_x,head_y,left_shoulder_x,left_shoulder_y,left_elbow_x,left_elbow_y,right_shoulder_x,right_shoulder_y,right_elbow_x,right_elbow_y,left_hand_x,left_hand_y,right_hand_x,right_hand_y,left_hip_x,left_hip_y,right_hip_x,right_hip_y,left_knee_x,left_knee_y,right_knee_x,right_knee_y,left_foot_x,left_foot_y,right_foot_x,right_foot_y
0,0.27995991706848145,0.323630690574646,0.5071488618850708,0.4963027238845825,0.5507919788360596,0.7908468246459961,0.1475672870874405,0.4585176110267639,0.008190006017684937,0.6987875699996948,0.5424926280975342,0.883148193359375,0.11689834296703339,0.8452462553977966,0.3966791033744812,0.8782386779785156,0.17363880574703217,0.8748135566711426,0.4027687907218933,0.8682023286819458,0.02817520871758461,0.8400250673294067,0.13846692442893982,0.8634635210037231,0.1360512375831604,0.8646090030670166
