FrameNo,head_x,head_y,left_shoulder_x,left_shoulder_y,left_elbow_x,left_elbow_y,right_shoulder_x,right_shoulder_y,right_elbow_x,right_elbow_y,left_hand_x,left_hand_y,right_hand_x,right_hand_y,left_hip_x,left_hip_y,right_hip_x,right_hip_y,left_knee_x,left_knee_y,right_knee_x,right_knee_y,left_foot_x,left_foot_y,right_foot_x,right_foot_y
0,0.5217558145523071,0.24133382737636566,0.6672894954681396,0.34274590015411377,0.782052218914032,0.4855324923992157,0.440021812915802,0.33343052864074707,0.38143622875213623,0.47714847326278687,0.919951856136322,0.582939624786377,0.27061814069747925,0.5617929697036743,0.6053805351257324,0.6705347895622253,0.47186213731765747,0.6560124158859253,0.563351035118103,0.8600949645042419,0.42472395300865173,0.8750666379928589,0.5676437616348267,0.8481323719024658,0.4196537733078003,0.8391040563583374
