FrameNo,head_x,head_y,left_shoulder_x,left_shoulder_y,left_elbow_x,left_elbow_y,right_shoulder_x,right_shoulder_y,right_elbow_x,right_elbow_y,left_hand_x,left_hand_y,right_hand_x,right_hand_y,left_hip_x,left_hip_y,right_hip_x,right_hip_y,left_knee_x,left_knee_y,right_knee_x,right_knee_y,left_foot_x,left_foot_y,right_foot_x,right_foot_y
0,0.2063429206609726,0.5080541968345642,0.47189903259277344,0.6427749395370483,0.23334702849388123,0.8953925371170044,0.1851227879524231,0.6101835370063782,0.05759367346763611,0.8497905731201172,0.2007615864276886,0.6529852151870728,0.18165157735347748,0.6492576003074646,0.4555943012237549,0.940539538860321,0.28576841950416565,0.9043285846710205,0.3664552569389343,0.8811558485031128,0.04873871058225632,0.8497956991195679,0.19020263850688934,0.8588821887969971,0.02023749053478241,0.8708101511001587
