FrameNo,head_x,head_y,left_shoulder_x,left_shoulder_y,left_elbow_x,left_elbow_y,right_shoulder_x,right_shoulder_y,right_elbow_x,right_elbow_y,left_hand_x,left_hand_y,right_hand_x,right_hand_y,left_hip_x,left_hip_y,right_hip_x,right_hip_y,left_knee_x,left_knee_y,right_knee_x,right_knee_y,left_foot_x,left_foot_y,right_foot_x,right_foot_y
0,0.5240193605422974,0.26667988300323486,0.6338334679603577,0.36701714992523193,0.674224317073822,0.5121020674705505,0.4462645649909973,0.36426806449890137,0.4115825593471527,0.5027487277984619,0.6731743812561035,0.6454381346702576,0.3685228228569031,0.6058230996131897,0.6024072170257568,0.6339226365089417,0.49736520648002625,0.6361013650894165,0.5904923677444458,0.8450173139572144,0.510850191116333,0.8469445705413818,0.5888596773147583,0.8495789766311646,0.5242187976837158,0.8539090156555176
