FrameNo,head_x,head_y,left_shoulder_x,left_shoulder_y,left_elbow_x,left_elbow_y,right_shoulder_x,right_shoulder_y,right_elbow_x,right_elbow_y,left_hand_x,left_hand_y,right_hand_x,right_hand_y,left_hip_x,left_hip_y,right_hip_x,right_hip_y,left_knee_x,left_knee_y,right_knee_x,right_knee_y,left_foot_x,left_foot_y,right_foot_x,right_foot_y
0,0.5909779071807861,0.29190799593925476,0.6816723346710205,0.3760320544242859,0.778705358505249,0.4740011394023895,0.5085150003433228,0.36994218826293945,0.4289150834083557,0.4730246067047119,0.8851902484893799,0.5278863310813904,0.3279411196708679,0.5140337944030762,0.6369441151618958,0.635641872882843,0.5387194156646729,0.6290421485900879,0.6621338129043579,0.8427495360374451,0.5132006406784058,0.8237768411636353,0.6581732630729675,0.8561763763427734,0.5165189504623413,0.8456429839134216
