FrameNo,head_x,head_y,left_shoulder_x,left_shoulder_y,left_elbow_x,left_elbow_y,right_shoulder_x,right_shoulder_y,right_elbow_x,right_elbow_y,left_hand_x,left_hand_y,right_hand_x,right_hand_y,left_hip_x,left_hip_y,right_hip_x,right_hip_y,left_knee_x,left_knee_y,right_knee_x,right_knee_y,left_foot_x,left_foot_y,right_foot_x,right_foot_y
0,0.6866915225982666,0.3607426583766937,0.7493923902511597,0.4337288737297058,0.7784126996994019,0.5255375504493713,0.6339027881622314,0.43314290046691895,0.6132767200469971,0.5155678391456604,0.795522928237915,0.6232230067253113,0.6180473566055298,0.590932309627533,0.7262524962425232,0.61558598279953,0.6519555449485779,0.6140140891075134,0.7295657992362976,0.7565625905990601,0.6505542993545532,0.7583824992179871,0.7570818662643433,0.8755571842193604,0.6452491283416748,0.8703898191452026
