FrameNo,head_x,head_y,left_shoulder_x,left_shoulder_y,left_elbow_x,left_elbow_y,right_shoulder_x,right_shoulder_y,right_elbow_x,right_elbow_y,left_hand_x,left_hand_y,right_hand_x,right_hand_y,left_hip_x,left_hip_y,right_hip_x,right_hip_y,left_knee_x,left_knee_y,right_knee_x,right_knee_y,left_foot_x,left_foot_y,right_foot_x,right_foot_y
0,0.6300684213638306,0.27870792150497437,0.7375328540802002,0.3703785538673401,0.8645637035369873,0.4273536801338196,0.5614851117134094,0.3694123923778534,0.45835691690444946,0.4478881061077118,0.972823977470398,0.44886061549186707,0.31909072399139404,0.462175577878952,0.6836725473403931,0.6260226368904114,0.5826399326324463,0.6186880469322205,0.7138835787773132,0.8578782081604004,0.5798677802085876,0.8423362970352173,0.715045690536499,0.8531970977783203,0.5885754823684692,0.8053829669952393
