FrameNo,head_x,head_y,left_shoulder_x,left_shoulder_y,left_elbow_x,left_elbow_y,right_shoulder_x,right_shoulder_y,right_elbow_x,right_elbow_y,left_hand_x,left_hand_y,right_hand_x,right_hand_y,left_hip_x,left_hip_y,right_hip_x,right_hip_y,left_knee_x,left_knee_y,right_knee_x,right_knee_y,left_foot_x,left_foot_y,right_foot_x,right_foot_y
0,0.22027276456356049,0.5115262866020203,0.47404536604881287,0.6351482272148132,0.2511243224143982,0.887925386428833,0.1883966326713562,0.6021144390106201,0.058495815843343735,0.8506587743759155,0.2228325456380844,0.6545124053955078,0.20164242386817932,0.6441671252250671,0.4693913459777832,0.9050518274307251,0.283963680267334,0.8803853988647461,0.35956117510795593,0.8744727373123169,0.05353932827711105,0.8493499159812927,0.22220709919929504,0.8587619662284851,0.08022326231002808,0.8521698713302612
