FrameNo,head_x,head_y,left_shoulder_x,left_shoulder_y,left_elbow_x,left_elbow_y,right_shoulder_x,right_shoulder_y,right_elbow_x,right_elbow_y,left_hand_x,left_hand_y,right_hand_x,right_hand_y,left_hip_x,left_hip_y,right_hip_x,right_hip_y,left_knee_x,left_knee_y,right_knee_x,right_knee_y,left_foot_x,left_foot_y,right_foot_x,right_foot_y
0,0.6725571155548096,0.33670294284820557,0.762647807598114,0.41231629252433777,0.8266269564628601,0.49855363368988037,0.6226383447647095,0.4115045666694641,0.5624046921730042,0.5028926134109497,0.8914662599563599,0.5652034282684326,0.5090103149414062,0.5457241535186768,0.7281301021575928,0.6231269836425781,0.6497229337692261,0.6218301057815552,0.7446896433830261,0.7962698340415955,0.6559319496154785,0.7861608266830444,0.7595112323760986,0.8704380989074707,0.6663137674331665,0.8740595579147339
