FrameNo,head_x,head_y,left_shoulder_x,left_shoulder_y,left_elbow_x,left_elbow_y,right_shoulder_x,right_shoulder_y,right_elbow_x,right_elbow_y,left_hand_x,left_hand_y,right_hand_x,right_hand_y,left_hip_x,left_hip_y,right_hip_x,right_hip_y,left_knee_x,left_knee_y,right_knee_x,right_knee_y,left_foot_x,left_foot_y,right_foot_x,right_foot_y
0,0.6794218420982361,0.2784981429576874,0.7731212973594666,0.3644571900367737,0.8974646925926208,0.428635835647583,0.6067551374435425,0.37032270431518555,0.5077586770057678,0.44916102290153503,0.8770739436149597,0.3155273497104645,0.506454586982727,0.3214339315891266,0.7227935791015625,0.646722674369812,0.6123073101043701,0.6409653425216675,0.7289853096008301,0.8664973974227905,0.5896309614181519,0.8507616519927979,0.7299481630325317,0.8353389501571655,0.594478964805603,0.8235325217247009
